OTU4|centroid=ASV471	k:Plantae(1.00),p:Tracheophyta(1.00),c:Magnoliopsida(1.00),o:Rosales(1.00),f:Rosaceae(1.00),g:Fragaria(1.00),s:Fragaria_vesca(1.00)	+	k:Plantae,p:Tracheophyta,c:Magnoliopsida,o:Rosales,f:Rosaceae,g:Fragaria,s:Fragaria_vesca
OTU1|centroid=ASV398	k:Plantae(1.00),p:Tracheophyta(1.00),c:Magnoliopsida(1.00),o:Rosales(1.00),f:Rosaceae(1.00),g:Rubus(1.00),s:Rubus_caesius(0.75)	+	k:Plantae,p:Tracheophyta,c:Magnoliopsida,o:Rosales,f:Rosaceae,g:Rubus
OTU9|centroid=ASV605	k:Plantae(1.00),p:Tracheophyta(1.00),c:Magnoliopsida(1.00),o:Ericales(0.98),f:Primulaceae(0.90),g:Lysimachia(0.86),s:Lysimachia_nemorum(0.57)	+	k:Plantae,p:Tracheophyta,c:Magnoliopsida,o:Ericales,f:Primulaceae,g:Lysimachia
OTU8|centroid=ASV251	k:Plantae(1.00),p:Tracheophyta(1.00),c:Liliopsida(1.00),o:Poales(1.00),f:Poaceae(1.00),g:Brachypodium(0.20),s:Brachypodium_pinnatum(0.19)	+	k:Plantae,p:Tracheophyta,c:Liliopsida,o:Poales,f:Poaceae
OTU3|centroid=ASV681	k:Plantae(1.00),p:Tracheophyta(1.00),c:Magnoliopsida(1.00),o:Malpighiales(1.00),f:Violaceae(1.00),g:Viola(1.00),s:Viola_reichenbachiana(0.67)	+	k:Plantae,p:Tracheophyta,c:Magnoliopsida,o:Malpighiales,f:Violaceae,g:Viola
OTU2|centroid=ASV558	k:Plantae(1.00),p:Tracheophyta(0.99),c:Magnoliopsida(0.99),o:Boraginales(0.98),f:Boraginaceae(0.98),g:Myosotis(0.62),s:Myosotis_alpestris(0.33)	+	k:Plantae,p:Tracheophyta,c:Magnoliopsida,o:Boraginales,f:Boraginaceae
OTU7|centroid=ASV634	k:Plantae(1.00),p:Tracheophyta(1.00),c:Magnoliopsida(1.00),o:Lamiales(1.00),f:Oleaceae(1.00),g:Fraxinus(1.00),s:Fraxinus_excelsior(1.00)	+	k:Plantae,p:Tracheophyta,c:Magnoliopsida,o:Lamiales,f:Oleaceae,g:Fraxinus,s:Fraxinus_excelsior
OTU6|centroid=ASV459	k:Plantae(1.00),p:Tracheophyta(1.00),c:Magnoliopsida(1.00),o:Rosales(1.00),f:Rosaceae(1.00),g:Sanguisorba(0.34),s:Sanguisorba_officinalis(0.18)	+	k:Plantae,p:Tracheophyta,c:Magnoliopsida,o:Rosales,f:Rosaceae
OTU11|centroid=ASV484	k:Plantae(1.00),p:Tracheophyta(1.00),c:Magnoliopsida(1.00),o:Lamiales(1.00),f:Plantaginaceae(1.00),g:Veronica(1.00),s:Veronica_chamaedrys(1.00)	+	k:Plantae,p:Tracheophyta,c:Magnoliopsida,o:Lamiales,f:Plantaginaceae,g:Veronica,s:Veronica_chamaedrys
OTU5|centroid=ASV498	k:Plantae(1.00),p:Tracheophyta(1.00),c:Magnoliopsida(1.00),o:Lamiales(1.00),f:Plantaginaceae(1.00),g:Veronica(1.00),s:Veronica_officinalis(1.00)	+	k:Plantae,p:Tracheophyta,c:Magnoliopsida,o:Lamiales,f:Plantaginaceae,g:Veronica,s:Veronica_officinalis
OTU17|centroid=ASV347	k:Plantae(1.00),p:Tracheophyta(1.00),c:Magnoliopsida(1.00),o:Rosales(1.00),f:Rosaceae(1.00),g:Rubus(1.00),s:Rubus_saxatilis(0.91)	+	k:Plantae,p:Tracheophyta,c:Magnoliopsida,o:Rosales,f:Rosaceae,g:Rubus,s:Rubus_saxatilis
OTU10|centroid=ASV513	k:Plantae(1.00),p:Tracheophyta(1.00),c:Magnoliopsida(1.00),o:Ranunculales(1.00),f:Ranunculaceae(1.00),g:Clematis(1.00),s:Clematis_vitalba(1.00)	+	k:Plantae,p:Tracheophyta,c:Magnoliopsida,o:Ranunculales,f:Ranunculaceae,g:Clematis,s:Clematis_vitalba
OTU12|centroid=ASV541	k:Plantae(1.00),p:Tracheophyta(1.00),c:Magnoliopsida(1.00),o:Myrtales(1.00),f:Onagraceae(1.00),g:Epilobium(1.00),s:Epilobium_tetragonum(0.36)	+	k:Plantae,p:Tracheophyta,c:Magnoliopsida,o:Myrtales,f:Onagraceae,g:Epilobium
OTU16|centroid=ASV311	k:Plantae(1.00),p:Tracheophyta(1.00),c:Magnoliopsida(1.00),o:Brassicales(1.00),f:Brassicaceae(1.00),g:Cardamine(0.85),s:Cardamine_amara(0.31)	+	k:Plantae,p:Tracheophyta,c:Magnoliopsida,o:Brassicales,f:Brassicaceae,g:Cardamine
OTU15|centroid=ASV695	k:Plantae(1.00),p:Tracheophyta(1.00),c:Magnoliopsida(1.00),o:Malpighiales(1.00),f:Euphorbiaceae(1.00),g:Mercurialis(1.00),s:Mercurialis_perennis(1.00)	+	k:Plantae,p:Tracheophyta,c:Magnoliopsida,o:Malpighiales,f:Euphorbiaceae,g:Mercurialis,s:Mercurialis_perennis
OTU19|centroid=ASV514	k:Plantae(1.00),p:Tracheophyta(1.00),c:Magnoliopsida(1.00),o:Lamiales(1.00),f:Plantaginaceae(1.00),g:Plantago(1.00),s:Plantago_major(0.99)	+	k:Plantae,p:Tracheophyta,c:Magnoliopsida,o:Lamiales,f:Plantaginaceae,g:Plantago,s:Plantago_major
OTU18|centroid=ASV539	k:Plantae(1.00),p:Tracheophyta(1.00),c:Magnoliopsida(1.00),o:Ranunculales(0.85),f:Ranunculaceae(0.85),g:Helleborus(0.33),s:Helleborus_multifidus(0.33)	+	k:Plantae,p:Tracheophyta,c:Magnoliopsida,o:Ranunculales,f:Ranunculaceae
OTU13|centroid=ASV372	k:Plantae(1.00),p:Tracheophyta(1.00),c:Magnoliopsida(1.00),o:Rosales(0.62),f:Rosaceae(0.62),g:Rubus(0.60),s:Rubus_caesius(0.49)	+	k:Plantae,p:Tracheophyta,c:Magnoliopsida
OTU14|centroid=ASV478	k:Plantae(1.00),p:Tracheophyta(1.00),c:Magnoliopsida(1.00),o:Rosales(1.00),f:Rosaceae(1.00),g:Fragaria(1.00),s:Fragaria_vesca(1.00)	+	k:Plantae,p:Tracheophyta,c:Magnoliopsida,o:Rosales,f:Rosaceae,g:Fragaria,s:Fragaria_vesca
OTU25|centroid=ASV599	k:Plantae(1.00),p:Tracheophyta(1.00),c:Magnoliopsida(1.00),o:Rosales(1.00),f:Rosaceae(1.00),g:Geum(1.00),s:Geum_urbanum(1.00)	+	k:Plantae,p:Tracheophyta,c:Magnoliopsida,o:Rosales,f:Rosaceae,g:Geum,s:Geum_urbanum
OTU28|centroid=ASV580	k:Plantae(1.00),p:Tracheophyta(1.00),c:Magnoliopsida(1.00),o:Fabales(1.00),f:Fabaceae(1.00),g:Trifolium(1.00),s:Trifolium_pratense(1.00)	+	k:Plantae,p:Tracheophyta,c:Magnoliopsida,o:Fabales,f:Fabaceae,g:Trifolium,s:Trifolium_pratense
OTU20|centroid=ASV611	k:Plantae(1.00),p:Tracheophyta(1.00),c:Magnoliopsida(1.00),o:Ericales(1.00),f:Primulaceae(1.00),g:Lysimachia(1.00),s:Lysimachia_nummularia(1.00)	+	k:Plantae,p:Tracheophyta,c:Magnoliopsida,o:Ericales,f:Primulaceae,g:Lysimachia,s:Lysimachia_nummularia
OTU21|centroid=ASV240	k:Plantae(1.00),p:Tracheophyta(1.00),c:Magnoliopsida(1.00),o:Rosales(1.00),f:Rosaceae(1.00),g:Rubus(0.97),s:Rubus_caesius(0.69)	+	k:Plantae,p:Tracheophyta,c:Magnoliopsida,o:Rosales,f:Rosaceae,g:Rubus
OTU22|centroid=ASV309	k:Plantae(1.00),p:Tracheophyta(1.00),c:Magnoliopsida(1.00),o:Brassicales(1.00),f:Brassicaceae(1.00),g:Cardaminopsis(0.91),s:Cardaminopsis_arenosa(0.91)	+	k:Plantae,p:Tracheophyta,c:Magnoliopsida,o:Brassicales,f:Brassicaceae,g:Cardaminopsis,s:Cardaminopsis_arenosa
OTU23|centroid=ASV260	k:Plantae(1.00),p:Tracheophyta(1.00),c:Liliopsida(1.00),o:Poales(1.00),f:Poaceae(1.00),g:Milium(1.00),s:Milium_effusum(1.00)	+	k:Plantae,p:Tracheophyta,c:Liliopsida,o:Poales,f:Poaceae,g:Milium,s:Milium_effusum
OTU26|centroid=ASV609	k:Plantae(1.00),p:Tracheophyta(1.00),c:Magnoliopsida(1.00),o:Rosales(1.00),f:Rosaceae(1.00),g:Potentilla(0.99),s:Potentilla_norvegica(0.56)	+	k:Plantae,p:Tracheophyta,c:Magnoliopsida,o:Rosales,f:Rosaceae,g:Potentilla
OTU24|centroid=ASV263	k:Plantae(1.00),p:Tracheophyta(1.00),c:Liliopsida(1.00),o:Poales(1.00),f:Poaceae(1.00),g:Festuca(0.84),s:Festuca_rubra(0.67)	+	k:Plantae,p:Tracheophyta,c:Liliopsida,o:Poales,f:Poaceae,g:Festuca
OTU27|centroid=ASV445	k:Plantae(1.00),p:Tracheophyta(1.00),c:Magnoliopsida(1.00),o:Rosales(1.00),f:Rosaceae(1.00),g:Rosa(1.00),s:Rosa_tomentosa(0.48)	+	k:Plantae,p:Tracheophyta,c:Magnoliopsida,o:Rosales,f:Rosaceae,g:Rosa
OTU29|centroid=ASV594	k:Plantae(1.00),p:Tracheophyta(1.00),c:Magnoliopsida(1.00),o:Asterales(1.00),f:Asteraceae(1.00),g:Eupatorium(0.96),s:Eupatorium_cannabinum(0.96)	+	k:Plantae,p:Tracheophyta,c:Magnoliopsida,o:Asterales,f:Asteraceae,g:Eupatorium,s:Eupatorium_cannabinum
OTU37|centroid=ASV290	k:Plantae(1.00),p:Tracheophyta(1.00),c:Magnoliopsida(1.00),o:Fagales(1.00),f:Fagaceae(1.00),g:Quercus(0.97),s:Quercus_robur(0.93)	+	k:Plantae,p:Tracheophyta,c:Magnoliopsida,o:Fagales,f:Fagaceae,g:Quercus,s:Quercus_robur
OTU31|centroid=ASV443	k:Plantae(1.00),p:Tracheophyta(1.00),c:Magnoliopsida(1.00),o:Rosales(1.00),f:Rosaceae(1.00),g:Sanguisorba(1.00),s:Sanguisorba_minor(1.00)	+	k:Plantae,p:Tracheophyta,c:Magnoliopsida,o:Rosales,f:Rosaceae,g:Sanguisorba,s:Sanguisorba_minor
OTU35|centroid=ASV516	k:Plantae(1.00),p:Tracheophyta(1.00),c:Magnoliopsida(1.00),o:Lamiales(1.00),f:Plantaginaceae(1.00),g:Plantago(1.00),s:Plantago_lanceolata(0.99)	+	k:Plantae,p:Tracheophyta,c:Magnoliopsida,o:Lamiales,f:Plantaginaceae,g:Plantago,s:Plantago_lanceolata
OTU38|centroid=ASV651	k:Plantae(1.00),p:Tracheophyta(1.00),c:Magnoliopsida(1.00),o:Asterales(1.00),f:Asteraceae(1.00),g:Erigeron(0.98),s:Erigeron_annuus(0.52)	+	k:Plantae,p:Tracheophyta,c:Magnoliopsida,o:Asterales,f:Asteraceae,g:Erigeron
OTU30|centroid=ASV646	k:Plantae(1.00),p:Tracheophyta(1.00),c:Magnoliopsida(1.00),o:Asterales(1.00),f:Asteraceae(1.00),g:Solidago(1.00),s:Solidago_gigantea(0.68)	+	k:Plantae,p:Tracheophyta,c:Magnoliopsida,o:Asterales,f:Asteraceae,g:Solidago
OTU34|centroid=ASV464	k:Plantae(1.00),p:Tracheophyta(1.00),c:Magnoliopsida(1.00),o:Rosales(1.00),f:Rosaceae(1.00),g:Sorbus(1.00),s:Sorbus_aria(1.00)	+	k:Plantae,p:Tracheophyta,c:Magnoliopsida,o:Rosales,f:Rosaceae,g:Sorbus,s:Sorbus_aria
OTU33|centroid=ASV642	k:Plantae(1.00),p:Tracheophyta(1.00),c:Magnoliopsida(1.00),o:Asterales(1.00),f:Asteraceae(1.00),g:Centaurea(1.00),s:Centaurea_phrygia(0.70)	+	k:Plantae,p:Tracheophyta,c:Magnoliopsida,o:Asterales,f:Asteraceae,g:Centaurea
OTU32|centroid=ASV533	k:Plantae(1.00),p:Tracheophyta(1.00),c:Magnoliopsida(1.00),o:Fabales(1.00),f:Fabaceae(1.00),g:Lathyrus(0.92),s:Lathyrus_linifolius(0.60)	+	k:Plantae,p:Tracheophyta,c:Magnoliopsida,o:Fabales,f:Fabaceae,g:Lathyrus
OTU36|centroid=ASV523	k:Plantae(1.00),p:Tracheophyta(1.00),c:Magnoliopsida(1.00),o:Malpighiales(1.00),f:Salicaceae(1.00),g:Salix(1.00),s:Salix_caprea(0.62)	+	k:Plantae,p:Tracheophyta,c:Magnoliopsida,o:Malpighiales,f:Salicaceae,g:Salix
OTU41|centroid=ASV440	k:Plantae(1.00),p:Tracheophyta(1.00),c:Magnoliopsida(1.00),o:Rosales(1.00),f:Rhamnaceae(1.00),g:Frangula(0.99),s:Frangula_alnus(0.99)	+	k:Plantae,p:Tracheophyta,c:Magnoliopsida,o:Rosales,f:Rhamnaceae,g:Frangula,s:Frangula_alnus
OTU39|centroid=ASV519	k:Plantae(1.00),p:Tracheophyta(1.00),c:Magnoliopsida(1.00),o:Ranunculales(1.00),f:Ranunculaceae(1.00),g:Aconitum(1.00),s:Aconitum_lycoctonum(1.00)	+	k:Plantae,p:Tracheophyta,c:Magnoliopsida,o:Ranunculales,f:Ranunculaceae,g:Aconitum,s:Aconitum_lycoctonum
OTU40|centroid=ASV712	k:Plantae(1.00),p:Tracheophyta(1.00),c:Magnoliopsida(1.00),o:Malpighiales(1.00),f:Euphorbiaceae(1.00),g:Euphorbia(1.00),s:Euphorbia_verrucosa(0.77)	+	k:Plantae,p:Tracheophyta,c:Magnoliopsida,o:Malpighiales,f:Euphorbiaceae,g:Euphorbia
OTU47|centroid=ASV354	k:Plantae(1.00),p:Tracheophyta(1.00),c:Magnoliopsida(1.00),o:Fagales(0.65),f:Betulaceae(0.65),g:Corylus(0.65),s:Corylus_avellana(0.53)	+	k:Plantae,p:Tracheophyta,c:Magnoliopsida
OTU43|centroid=ASV274	k:Plantae(1.00),p:Tracheophyta(1.00),c:Magnoliopsida(1.00),o:Malpighiales(0.99),f:Violaceae(0.99),g:Viola(0.99),s:Viola_reichenbachiana(0.46)	+	k:Plantae,p:Tracheophyta,c:Magnoliopsida,o:Malpighiales,f:Violaceae,g:Viola
OTU42|centroid=ASV654	k:Plantae(1.00),p:Tracheophyta(0.94),c:Magnoliopsida(0.94),o:Asterales(0.94),f:Asteraceae(0.94),g:Filago(0.68),s:Filago_pyramidata(0.68)	+	k:Plantae,p:Tracheophyta,c:Magnoliopsida,o:Asterales,f:Asteraceae
OTU44|centroid=ASV667	k:Plantae(1.00),p:Tracheophyta(1.00),c:Magnoliopsida(1.00),o:Lamiales(1.00),f:Plantaginaceae(1.00),g:Veronica(1.00),s:Veronica_officinalis(0.98)	+	k:Plantae,p:Tracheophyta,c:Magnoliopsida,o:Lamiales,f:Plantaginaceae,g:Veronica,s:Veronica_officinalis
OTU50|centroid=ASV229	k:Plantae(1.00),p:Tracheophyta(1.00),c:Magnoliopsida(1.00),o:Rosales(1.00),f:Rosaceae(1.00),g:Rubus(1.00),s:Rubus_saxatilis(0.59)	+	k:Plantae,p:Tracheophyta,c:Magnoliopsida,o:Rosales,f:Rosaceae,g:Rubus
OTU46|centroid=ASV592	k:Plantae(1.00),p:Tracheophyta(1.00),c:Magnoliopsida(1.00),o:Brassicales(1.00),f:Brassicaceae(1.00),g:Cardamine(0.80),s:Cardamine_amara(0.36)	+	k:Plantae,p:Tracheophyta,c:Magnoliopsida,o:Brassicales,f:Brassicaceae,g:Cardamine
OTU45|centroid=ASV405	k:Plantae(1.00),p:Tracheophyta(1.00),c:Magnoliopsida(1.00),o:Rosales(1.00),f:Rosaceae(1.00),g:Rubus(1.00),s:Rubus_caesius(0.60)	+	k:Plantae,p:Tracheophyta,c:Magnoliopsida,o:Rosales,f:Rosaceae,g:Rubus
OTU48|centroid=ASV382	k:Plantae(1.00),p:Tracheophyta(1.00),c:Magnoliopsida(1.00),o:Rosales(1.00),f:Rosaceae(1.00),g:Rubus(1.00),s:Rubus_caesius(0.70)	+	k:Plantae,p:Tracheophyta,c:Magnoliopsida,o:Rosales,f:Rosaceae,g:Rubus
OTU49|centroid=ASV713	k:Plantae(1.00),p:Tracheophyta(1.00),c:Magnoliopsida(1.00),o:Malpighiales(1.00),f:Euphorbiaceae(1.00),g:Euphorbia(1.00),s:Euphorbia_amygdaloides(1.00)	+	k:Plantae,p:Tracheophyta,c:Magnoliopsida,o:Malpighiales,f:Euphorbiaceae,g:Euphorbia,s:Euphorbia_amygdaloides
OTU54|centroid=ASV231	k:Plantae(1.00),p:Tracheophyta(1.00),c:Magnoliopsida(1.00),o:Rosales(1.00),f:Rosaceae(1.00),g:Sorbus(0.87),s:Sorbus_torminalis(0.39)	+	k:Plantae,p:Tracheophyta,c:Magnoliopsida,o:Rosales,f:Rosaceae,g:Sorbus
OTU59|centroid=ASV321	k:Plantae(1.00),p:Tracheophyta(1.00),c:Magnoliopsida(1.00),o:Rosales(1.00),f:Rosaceae(1.00),g:Rubus(1.00),s:Rubus_saxatilis(0.87)	+	k:Plantae,p:Tracheophyta,c:Magnoliopsida,o:Rosales,f:Rosaceae,g:Rubus,s:Rubus_saxatilis
OTU51|centroid=ASV294	k:Plantae(1.00),p:Tracheophyta(1.00),c:Magnoliopsida(1.00),o:Rosales(1.00),f:Rosaceae(1.00),g:Rubus(0.97),s:Rubus_saxatilis(0.54)	+	k:Plantae,p:Tracheophyta,c:Magnoliopsida,o:Rosales,f:Rosaceae,g:Rubus
OTU55|centroid=ASV649	k:Plantae(1.00),p:Tracheophyta(1.00),c:Magnoliopsida(1.00),o:Asterales(1.00),f:Asteraceae(1.00),g:Erigeron(0.92),s:Erigeron_acris(0.85)	+	k:Plantae,p:Tracheophyta,c:Magnoliopsida,o:Asterales,f:Asteraceae,g:Erigeron,s:Erigeron_acris
OTU57|centroid=ASV356	k:Plantae(1.00),p:Tracheophyta(1.00),c:Magnoliopsida(1.00),o:Apiales(0.98),f:Araliaceae(0.98),g:Hedera(0.97),s:Hedera_helix(0.97)	+	k:Plantae,p:Tracheophyta,c:Magnoliopsida,o:Apiales,f:Araliaceae,g:Hedera,s:Hedera_helix
OTU53|centroid=ASV619	k:Plantae(1.00),p:Tracheophyta(1.00),c:Magnoliopsida(1.00),o:Ericales(1.00),f:Primulaceae(1.00),g:Primula(1.00),s:Primula_vulgaris(0.90)	+	k:Plantae,p:Tracheophyta,c:Magnoliopsida,o:Ericales,f:Primulaceae,g:Primula,s:Primula_vulgaris
OTU52|centroid=ASV589	k:Plantae(1.00),p:Tracheophyta(1.00),c:Magnoliopsida(1.00),o:Brassicales(1.00),f:Brassicaceae(1.00),g:Cardamine(0.77),s:Cardamine_amara(0.37)	+	k:Plantae,p:Tracheophyta,c:Magnoliopsida,o:Brassicales,f:Brassicaceae
OTU58|centroid=ASV455	k:Plantae(1.00),p:Tracheophyta(1.00),c:Magnoliopsida(1.00),o:Boraginales(1.00),f:Boraginaceae(1.00),g:Symphytum(0.99),s:Symphytum_tuberosum(0.97)	+	k:Plantae,p:Tracheophyta,c:Magnoliopsida,o:Boraginales,f:Boraginaceae,g:Symphytum,s:Symphytum_tuberosum
OTU60|centroid=ASV441	k:Plantae(1.00),p:Tracheophyta(1.00),c:Magnoliopsida(1.00),o:Ranunculales(1.00),f:Ranunculaceae(1.00),g:Hepatica(0.81),s:Hepatica_nobilis(0.81)	+	k:Plantae,p:Tracheophyta,c:Magnoliopsida,o:Ranunculales,f:Ranunculaceae,g:Hepatica,s:Hepatica_nobilis
OTU56|centroid=ASV610	k:Plantae(1.00),p:Tracheophyta(1.00),c:Magnoliopsida(1.00),o:Ericales(1.00),f:Myrsinaceae(0.99),g:Anagallis(0.99),s:Anagallis_arvensis(0.99)	+	k:Plantae,p:Tracheophyta,c:Magnoliopsida,o:Ericales,f:Myrsinaceae,g:Anagallis,s:Anagallis_arvensis
OTU67|centroid=ASV292	k:Plantae(1.00),p:Tracheophyta(1.00),c:Magnoliopsida(1.00),o:Fagales(1.00),f:Fagaceae(1.00),g:Quercus(0.98),s:Quercus_robur(0.96)	+	k:Plantae,p:Tracheophyta,c:Magnoliopsida,o:Fagales,f:Fagaceae,g:Quercus,s:Quercus_robur
OTU63|centroid=ASV531	k:Plantae(1.00),p:Tracheophyta(1.00),c:Magnoliopsida(1.00),o:Caryophyllales(1.00),f:Caryophyllaceae(1.00),g:Cerastium(1.00),s:Cerastium_arvense(0.36)	+	k:Plantae,p:Tracheophyta,c:Magnoliopsida,o:Caryophyllales,f:Caryophyllaceae,g:Cerastium
OTU69|centroid=ASV255	k:Plantae(1.00),p:Tracheophyta(1.00),c:Liliopsida(1.00),o:Poales(1.00),f:Poaceae(1.00),g:Bromus(0.99),s:Bromus_catharticus(0.81)	+	k:Plantae,p:Tracheophyta,c:Liliopsida,o:Poales,f:Poaceae,g:Bromus,s:Bromus_catharticus
OTU66|centroid=ASV257	k:Plantae(1.00),p:Tracheophyta(1.00),c:Liliopsida(1.00),o:Poales(1.00),f:Poaceae(1.00),g:Calamagrostis(1.00),s:Calamagrostis_epigejos(1.00)	+	k:Plantae,p:Tracheophyta,c:Liliopsida,o:Poales,f:Poaceae,g:Calamagrostis,s:Calamagrostis_epigejos
OTU70|centroid=ASV423	k:Plantae(1.00),p:Tracheophyta(1.00),c:Magnoliopsida(1.00),o:Rosales(0.87),f:Rosaceae(0.87),g:Rubus(0.87),s:Rubus_saxatilis(0.62)	+	k:Plantae,p:Tracheophyta,c:Magnoliopsida,o:Rosales,f:Rosaceae,g:Rubus
OTU61|centroid=ASV583	k:Plantae(1.00),p:Tracheophyta(1.00),c:Magnoliopsida(1.00),o:Lamiales(1.00),f:Plantaginaceae(1.00),g:Veronica(1.00),s:Veronica_alpina(0.52)	+	k:Plantae,p:Tracheophyta,c:Magnoliopsida,o:Lamiales,f:Plantaginaceae,g:Veronica
OTU64|centroid=ASV680	k:Plantae(1.00),p:Tracheophyta(1.00),c:Magnoliopsida(1.00),o:Malpighiales(1.00),f:Violaceae(1.00),g:Viola(1.00),s:Viola_reichenbachiana(0.57)	+	k:Plantae,p:Tracheophyta,c:Magnoliopsida,o:Malpighiales,f:Violaceae,g:Viola
OTU71|centroid=ASV314	k:Plantae(1.00),p:Tracheophyta(1.00),c:Magnoliopsida(1.00),o:Rosales(1.00),f:Ulmaceae(1.00),g:Ulmus(1.00),s:Ulmus_minor(1.00)	+	k:Plantae,p:Tracheophyta,c:Magnoliopsida,o:Rosales,f:Ulmaceae,g:Ulmus,s:Ulmus_minor
OTU65|centroid=ASV690	k:Plantae(1.00),p:Tracheophyta(1.00),c:Magnoliopsida(1.00),o:Malpighiales(1.00),f:Violaceae(1.00),g:Viola(1.00),s:Viola_reichenbachiana(0.55)	+	k:Plantae,p:Tracheophyta,c:Magnoliopsida,o:Malpighiales,f:Violaceae,g:Viola
OTU62|centroid=ASV656	k:Plantae(1.00),p:Tracheophyta(1.00),c:Magnoliopsida(1.00),o:Asterales(1.00),f:Asteraceae(1.00),g:Leucanthemum(1.00),s:Leucanthemum_vulgare(1.00)	+	k:Plantae,p:Tracheophyta,c:Magnoliopsida,o:Asterales,f:Asteraceae,g:Leucanthemum,s:Leucanthemum_vulgare
OTU68|centroid=ASV586	k:Plantae(1.00),p:Tracheophyta(1.00),c:Magnoliopsida(1.00),o:Asterales(1.00),f:Asteraceae(1.00),g:Tussilago(1.00),s:Tussilago_farfara(1.00)	+	k:Plantae,p:Tracheophyta,c:Magnoliopsida,o:Asterales,f:Asteraceae,g:Tussilago,s:Tussilago_farfara
OTU72|centroid=ASV569	k:Plantae(1.00),p:Tracheophyta(1.00),c:Magnoliopsida(1.00),o:Ericales(1.00),f:Ericaceae(1.00),g:Vaccinium(1.00),s:Vaccinium_myrtillus(0.49)	+	k:Plantae,p:Tracheophyta,c:Magnoliopsida,o:Ericales,f:Ericaceae,g:Vaccinium
OTU76|centroid=ASV486	k:Plantae(1.00),p:Tracheophyta(1.00),c:Magnoliopsida(1.00),o:Lamiales(1.00),f:Plantaginaceae(1.00),g:Veronica(1.00),s:Veronica_chamaedrys(1.00)	+	k:Plantae,p:Tracheophyta,c:Magnoliopsida,o:Lamiales,f:Plantaginaceae,g:Veronica,s:Veronica_chamaedrys
OTU81|centroid=ASV618	k:Plantae(1.00),p:Tracheophyta(1.00),c:Magnoliopsida(1.00),o:Rosales(0.81),f:Rosaceae(0.81),g:Rubus(0.76),s:Rubus_caesius(0.56)	+	k:Plantae,p:Tracheophyta,c:Magnoliopsida,o:Rosales,f:Rosaceae
OTU80|centroid=ASV657	k:Plantae(1.00),p:Tracheophyta(1.00),c:Magnoliopsida(1.00),o:Lamiales(1.00),f:Oleaceae(1.00),g:Fraxinus(0.98),s:Fraxinus_ornus(0.77)	+	k:Plantae,p:Tracheophyta,c:Magnoliopsida,o:Lamiales,f:Oleaceae,g:Fraxinus
OTU82|centroid=ASV250	k:Plantae(1.00),p:Tracheophyta(1.00),c:Liliopsida(1.00),o:Poales(1.00),f:Poaceae(1.00),g:Melica(1.00),s:Melica_nutans(1.00)	+	k:Plantae,p:Tracheophyta,c:Liliopsida,o:Poales,f:Poaceae,g:Melica,s:Melica_nutans
OTU73|centroid=ASV682	k:Plantae(1.00),p:Tracheophyta(1.00),c:Magnoliopsida(1.00),o:Malpighiales(1.00),f:Violaceae(1.00),g:Viola(1.00),s:Viola_reichenbachiana(0.52)	+	k:Plantae,p:Tracheophyta,c:Magnoliopsida,o:Malpighiales,f:Violaceae,g:Viola
OTU74|centroid=ASV689	k:Plantae(1.00),p:Tracheophyta(1.00),c:Magnoliopsida(1.00),o:Malpighiales(1.00),f:Violaceae(1.00),g:Viola(1.00),s:Viola_reichenbachiana(0.49)	+	k:Plantae,p:Tracheophyta,c:Magnoliopsida,o:Malpighiales,f:Violaceae,g:Viola
OTU75|centroid=ASV308	k:Plantae(1.00),p:Tracheophyta(1.00),c:Magnoliopsida(1.00),o:Brassicales(1.00),f:Brassicaceae(1.00),g:Cardamine(1.00),s:Cardamine_hirsuta(1.00)	+	k:Plantae,p:Tracheophyta,c:Magnoliopsida,o:Brassicales,f:Brassicaceae,g:Cardamine,s:Cardamine_hirsuta
OTU83|centroid=ASV289	k:Plantae(1.00),p:Tracheophyta(1.00),c:Magnoliopsida(1.00),o:Fagales(1.00),f:Fagaceae(1.00),g:Quercus(0.97),s:Quercus_robur(0.80)	+	k:Plantae,p:Tracheophyta,c:Magnoliopsida,o:Fagales,f:Fagaceae,g:Quercus,s:Quercus_robur
OTU77|centroid=ASV492	k:Plantae(1.00),p:Tracheophyta(1.00),c:Magnoliopsida(1.00),o:Rosales(1.00),f:Rosaceae(1.00),g:Pyrus(0.96),s:Pyrus_pyraster(0.96)	+	k:Plantae,p:Tracheophyta,c:Magnoliopsida,o:Rosales,f:Rosaceae,g:Pyrus,s:Pyrus_pyraster
OTU78|centroid=ASV662	k:Plantae(1.00),p:Tracheophyta(1.00),c:Magnoliopsida(1.00),o:Asterales(1.00),f:Asteraceae(1.00),g:Cirsium(0.95),s:Cirsium_acaule(0.62)	+	k:Plantae,p:Tracheophyta,c:Magnoliopsida,o:Asterales,f:Asteraceae,g:Cirsium
OTU84|centroid=ASV293	k:Plantae(1.00),p:Tracheophyta(1.00),c:Magnoliopsida(1.00),o:Fagales(1.00),f:Fagaceae(1.00),g:Quercus(0.99),s:Quercus_robur(0.68)	+	k:Plantae,p:Tracheophyta,c:Magnoliopsida,o:Fagales,f:Fagaceae,g:Quercus
OTU79|centroid=ASV434	k:Plantae(1.00),p:Tracheophyta(1.00),c:Magnoliopsida(1.00),o:Rosales(1.00),f:Rosaceae(1.00),g:Rubus(0.55),s:Rubus_caesius(0.41)	+	k:Plantae,p:Tracheophyta,c:Magnoliopsida,o:Rosales,f:Rosaceae
OTU88|centroid=ASV439	k:Plantae(1.00),p:Tracheophyta(1.00),c:Magnoliopsida(1.00),o:Rosales(0.69),f:Rosaceae(0.67),g:Rubus(0.37),s:Rubus_saxatilis(0.24)	+	k:Plantae,p:Tracheophyta,c:Magnoliopsida
OTU91|centroid=ASV674	k:Plantae(1.00),p:Tracheophyta(1.00),c:Magnoliopsida(1.00),o:Fagales(0.99),f:Betulaceae(0.99),g:Corylus(0.98),s:Corylus_avellana(0.98)	+	k:Plantae,p:Tracheophyta,c:Magnoliopsida,o:Fagales,f:Betulaceae,g:Corylus,s:Corylus_avellana
OTU92|centroid=ASV437	k:Plantae(1.00),p:Tracheophyta(1.00),c:Magnoliopsida(1.00),o:Lamiales(1.00),f:Lamiaceae(1.00),g:Lamium(0.41),s:Lamium_album(0.41)	+	k:Plantae,p:Tracheophyta,c:Magnoliopsida,o:Lamiales,f:Lamiaceae
OTU85|centroid=ASV584	k:Plantae(1.00),p:Tracheophyta(1.00),c:Magnoliopsida(1.00),o:Rosales(1.00),f:Rosaceae(1.00),g:Rubus(0.73),s:Rubus_caesius(0.58)	+	k:Plantae,p:Tracheophyta,c:Magnoliopsida,o:Rosales,f:Rosaceae
OTU94|centroid=ASV620	k:Plantae(1.00),p:Tracheophyta(1.00),c:Magnoliopsida(1.00),o:Ericales(1.00),f:Primulaceae(1.00),g:Primula(1.00),s:Primula_vulgaris(0.81)	+	k:Plantae,p:Tracheophyta,c:Magnoliopsida,o:Ericales,f:Primulaceae,g:Primula,s:Primula_vulgaris
OTU95|centroid=ASV658	k:Plantae(1.00),p:Tracheophyta(1.00),c:Magnoliopsida(1.00),o:Ranunculales(1.00),f:Ranunculaceae(1.00),g:Ranunculus(1.00),s:Ranunculus_repens(0.99)	+	k:Plantae,p:Tracheophyta,c:Magnoliopsida,o:Ranunculales,f:Ranunculaceae,g:Ranunculus,s:Ranunculus_repens
OTU93|centroid=ASV490	k:Plantae(1.00),p:Tracheophyta(1.00),c:Magnoliopsida(1.00),o:Lamiales(1.00),f:Plantaginaceae(1.00),g:Veronica(1.00),s:Veronica_serpyllifolia(1.00)	+	k:Plantae,p:Tracheophyta,c:Magnoliopsida,o:Lamiales,f:Plantaginaceae,g:Veronica,s:Veronica_serpyllifolia
OTU87|centroid=ASV332	k:Plantae(1.00),p:Tracheophyta(1.00),c:Magnoliopsida(1.00),o:Rosales(1.00),f:Rosaceae(1.00),g:Sanguisorba(0.33),s:Sanguisorba_officinalis(0.21)	+	k:Plantae,p:Tracheophyta,c:Magnoliopsida,o:Rosales,f:Rosaceae
OTU89|centroid=ASV660	k:Plantae(1.00),p:Tracheophyta(1.00),c:Magnoliopsida(1.00),o:Geraniales(1.00),f:Geraniaceae(1.00),g:Geranium(0.96),s:Geranium_sanguineum(0.63)	+	k:Plantae,p:Tracheophyta,c:Magnoliopsida,o:Geraniales,f:Geraniaceae,g:Geranium
OTU86|centroid=ASV324	k:Plantae(1.00),p:Tracheophyta(1.00),c:Magnoliopsida(1.00),o:Rosales(1.00),f:Rosaceae(1.00),g:Sorbus(1.00),s:Sorbus_aucuparia(1.00)	+	k:Plantae,p:Tracheophyta,c:Magnoliopsida,o:Rosales,f:Rosaceae,g:Sorbus,s:Sorbus_aucuparia
OTU98|centroid=ASV304	k:Plantae(1.00),p:Tracheophyta(1.00),c:Magnoliopsida(1.00),o:Lamiales(1.00),f:Plantaginaceae(1.00),g:Veronica(1.00),s:Veronica_alpina(0.68)	+	k:Plantae,p:Tracheophyta,c:Magnoliopsida,o:Lamiales,f:Plantaginaceae,g:Veronica
OTU90|centroid=ASV672	k:Plantae(1.00),p:Tracheophyta(1.00),c:Magnoliopsida(1.00),o:Fagales(0.74),f:Betulaceae(0.74),g:Corylus(0.73),s:Corylus_avellana(0.72)	+	k:Plantae,p:Tracheophyta,c:Magnoliopsida
OTU97|centroid=ASV302	k:Plantae(1.00),p:Streptophyta(0.53),c:Magnoliopsida(0.53),o:Crossosomatales(0.53),f:Staphyleaceae(0.53),g:Staphylea(0.53),s:Staphylea_pinnata(0.53)	+	k:Plantae
OTU96|centroid=ASV265	k:Plantae(1.00),p:Tracheophyta(1.00),c:Liliopsida(1.00),o:Poales(1.00),f:Poaceae(1.00),g:Poa(1.00),s:Poa_annua(1.00)	+	k:Plantae,p:Tracheophyta,c:Liliopsida,o:Poales,f:Poaceae,g:Poa,s:Poa_annua
OTU103|centroid=ASV679	k:Plantae(1.00),p:Tracheophyta(1.00),c:Magnoliopsida(1.00),o:Malpighiales(0.99),f:Violaceae(0.99),g:Viola(0.99),s:Viola_reichenbachiana(0.66)	+	k:Plantae,p:Tracheophyta,c:Magnoliopsida,o:Malpighiales,f:Violaceae,g:Viola
OTU99|centroid=ASV375	k:Plantae(1.00),p:Tracheophyta(1.00),c:Magnoliopsida(1.00),o:Rosales(0.74),f:Rosaceae(0.74),g:Rubus(0.73),s:Rubus_caesius(0.58)	+	k:Plantae,p:Tracheophyta,c:Magnoliopsida
OTU100|centroid=ASV461	k:Plantae(1.00),p:Tracheophyta(1.00),c:Magnoliopsida(1.00),o:Rosales(1.00),f:Rosaceae(1.00),g:Sanguisorba(0.40),s:Sanguisorba_minor(0.25)	+	k:Plantae,p:Tracheophyta,c:Magnoliopsida,o:Rosales,f:Rosaceae
OTU107|centroid=ASV12	k:Plantae(1.00),p:Tracheophyta(1.00),c:Magnoliopsida(1.00),o:Rosales(0.97),f:Rosaceae(0.97),g:Rubus(0.96),s:Rubus_saxatilis(0.56)	+	k:Plantae,p:Tracheophyta,c:Magnoliopsida,o:Rosales,f:Rosaceae,g:Rubus
OTU101|centroid=ASV520	k:Plantae(1.00),p:Tracheophyta(1.00),c:Magnoliopsida(1.00),o:Ranunculales(1.00),f:Ranunculaceae(1.00),g:Aconitum(1.00),s:Aconitum_lycoctonum(1.00)	+	k:Plantae,p:Tracheophyta,c:Magnoliopsida,o:Ranunculales,f:Ranunculaceae,g:Aconitum,s:Aconitum_lycoctonum
OTU105|centroid=ASV456	k:Plantae(1.00),p:Tracheophyta(1.00),c:Magnoliopsida(1.00),o:Apiales(0.60),f:Araliaceae(0.60),g:Hedera(0.60),s:Hedera_helix(0.60)	+	k:Plantae,p:Tracheophyta,c:Magnoliopsida
OTU110|centroid=ASV543	k:Plantae(1.00),p:Tracheophyta(0.98),c:Magnoliopsida(0.98),o:Boraginales(0.98),f:Boraginaceae(0.98),g:Myosotis(0.64),s:Myosotis_scorpioides(0.31)	+	k:Plantae,p:Tracheophyta,c:Magnoliopsida,o:Boraginales,f:Boraginaceae
OTU102|centroid=ASV624	k:Plantae(1.00),p:Tracheophyta(1.00),c:Magnoliopsida(1.00),o:Geraniales(0.79),f:Geraniaceae(0.79),g:Geranium(0.75),s:Geranium_sanguineum(0.53)	+	k:Plantae,p:Tracheophyta,c:Magnoliopsida
OTU108|centroid=ASV247	k:Plantae(1.00),p:Tracheophyta(1.00),c:Magnoliopsida(1.00),o:Lamiales(1.00),f:Plantaginaceae(1.00),g:Veronica(1.00),s:Veronica_alpina(0.38)	+	k:Plantae,p:Tracheophyta,c:Magnoliopsida,o:Lamiales,f:Plantaginaceae,g:Veronica
OTU104|centroid=ASV272	k:Plantae(1.00),p:Tracheophyta(1.00),c:Magnoliopsida(1.00),o:Fagales(1.00),f:Betulaceae(1.00),g:Corylus(1.00),s:Corylus_avellana(0.98)	+	k:Plantae,p:Tracheophyta,c:Magnoliopsida,o:Fagales,f:Betulaceae,g:Corylus,s:Corylus_avellana
OTU106|centroid=ASV496	k:Plantae(1.00),p:Tracheophyta(1.00),c:Magnoliopsida(1.00),o:Rosales(0.98),f:Rosaceae(0.98),g:Rubus(0.98),s:Rubus_caesius(0.68)	+	k:Plantae,p:Tracheophyta,c:Magnoliopsida,o:Rosales,f:Rosaceae,g:Rubus
OTU113|centroid=ASV692	k:Plantae(1.00),p:Tracheophyta(1.00),c:Magnoliopsida(1.00),o:Fagales(1.00),f:Fagaceae(1.00),g:Fagus(1.00),s:Fagus_sylvatica(1.00)	+	k:Plantae,p:Tracheophyta,c:Magnoliopsida,o:Fagales,f:Fagaceae,g:Fagus,s:Fagus_sylvatica
OTU109|centroid=ASV427	k:Plantae(1.00),p:Tracheophyta(1.00),c:Magnoliopsida(1.00),o:Fagales(0.54),f:Betulaceae(0.54),g:Carpinus(0.54),s:Carpinus_betulus(0.54)	+	k:Plantae,p:Tracheophyta,c:Magnoliopsida
OTU111|centroid=ASV549	k:Plantae(1.00),p:Tracheophyta(0.99),c:Magnoliopsida(0.99),o:Boraginales(0.97),f:Boraginaceae(0.97),g:Myosotis(0.81),s:Myosotis_alpestris(0.37)	+	k:Plantae,p:Tracheophyta,c:Magnoliopsida,o:Boraginales,f:Boraginaceae,g:Myosotis
OTU112|centroid=ASV653	k:Plantae(1.00),p:Tracheophyta(1.00),c:Magnoliopsida(1.00),o:Asterales(1.00),f:Asteraceae(1.00),g:Bellis(1.00),s:Bellis_perennis(1.00)	+	k:Plantae,p:Tracheophyta,c:Magnoliopsida,o:Asterales,f:Asteraceae,g:Bellis,s:Bellis_perennis
OTU118|centroid=ASV567	k:Plantae(1.00),p:Tracheophyta(1.00),c:Magnoliopsida(1.00),o:Asterales(1.00),f:Asteraceae(1.00),g:Solidago(1.00),s:Solidago_virgaurea(0.91)	+	k:Plantae,p:Tracheophyta,c:Magnoliopsida,o:Asterales,f:Asteraceae,g:Solidago,s:Solidago_virgaurea
OTU114|centroid=ASV281	k:Plantae(1.00),p:Tracheophyta(1.00),c:Magnoliopsida(1.00),o:Celastrales(0.85),f:Celastraceae(0.85),g:Celastrus(0.85),s:Celastrus_orbiculatus(0.85)	+	k:Plantae,p:Tracheophyta,c:Magnoliopsida,o:Celastrales,f:Celastraceae,g:Celastrus,s:Celastrus_orbiculatus
OTU115|centroid=ASV287	k:Plantae(1.00),p:Tracheophyta(0.98),c:Magnoliopsida(0.98),o:Celastrales(0.93),f:Celastraceae(0.93),g:Celastrus(0.93),s:Celastrus_orbiculatus(0.93)	+	k:Plantae,p:Tracheophyta,c:Magnoliopsida,o:Celastrales,f:Celastraceae,g:Celastrus,s:Celastrus_orbiculatus
OTU122|centroid=ASV235	k:Plantae(1.00),p:Tracheophyta(1.00),c:Magnoliopsida(1.00),o:Rosales(1.00),f:Rosaceae(1.00),g:Fragaria(0.84),s:Fragaria_vesca(0.84)	+	k:Plantae,p:Tracheophyta,c:Magnoliopsida,o:Rosales,f:Rosaceae,g:Fragaria,s:Fragaria_vesca
OTU116|centroid=ASV368	k:Plantae(1.00),p:Tracheophyta(1.00),c:Magnoliopsida(1.00),o:Rosales(0.71),f:Rosaceae(0.71),g:Rubus(0.70),s:Rubus_caesius(0.44)	+	k:Plantae,p:Tracheophyta,c:Magnoliopsida
OTU119|centroid=ASV637	k:Plantae(1.00),p:Tracheophyta(1.00),c:Magnoliopsida(1.00),o:Lamiales(1.00),f:Oleaceae(1.00),g:Fraxinus(1.00),s:Fraxinus_pennsylvanica(0.81)	+	k:Plantae,p:Tracheophyta,c:Magnoliopsida,o:Lamiales,f:Oleaceae,g:Fraxinus,s:Fraxinus_pennsylvanica
OTU120|centroid=ASV704	k:Plantae(1.00),p:Tracheophyta(1.00),c:Magnoliopsida(1.00),o:Malpighiales(1.00),f:Violaceae(1.00),g:Viola(1.00),s:Viola_odorata(0.69)	+	k:Plantae,p:Tracheophyta,c:Magnoliopsida,o:Malpighiales,f:Violaceae,g:Viola
OTU117|centroid=ASV495	k:Plantae(1.00),p:Tracheophyta(1.00),c:Magnoliopsida(1.00),o:Fagales(1.00),f:Betulaceae(1.00),g:Corylus(1.00),s:Corylus_avellana(0.76)	+	k:Plantae,p:Tracheophyta,c:Magnoliopsida,o:Fagales,f:Betulaceae,g:Corylus
OTU125|centroid=ASV340	k:Plantae(1.00),p:Tracheophyta(1.00),c:Magnoliopsida(1.00),o:Rosales(1.00),f:Rosaceae(1.00),g:Rubus(1.00),s:Rubus_saxatilis(0.86)	+	k:Plantae,p:Tracheophyta,c:Magnoliopsida,o:Rosales,f:Rosaceae,g:Rubus,s:Rubus_saxatilis
OTU121|centroid=ASV720	k:Plantae(1.00),p:Tracheophyta(1.00),c:Magnoliopsida(1.00),o:Solanales(1.00),f:Solanaceae(1.00),g:Lycium(1.00),s:Lycium_barbarum(1.00)	-	k:Plantae,p:Tracheophyta,c:Magnoliopsida,o:Solanales,f:Solanaceae,g:Lycium,s:Lycium_barbarum
OTU130|centroid=ASV579	k:Plantae(1.00),p:Tracheophyta(1.00),c:Magnoliopsida(1.00),o:Rosales(0.60),f:Rosaceae(0.60),g:Rubus(0.58),s:Rubus_caesius(0.35)	+	k:Plantae,p:Tracheophyta,c:Magnoliopsida
OTU123|centroid=ASV286	k:Plantae(1.00),p:Tracheophyta(1.00),c:Magnoliopsida(1.00),o:Ranunculales(0.61),f:Ranunculaceae(0.61),g:Helleborus(0.46),s:Helleborus_multifidus(0.46)	+	k:Plantae,p:Tracheophyta,c:Magnoliopsida
OTU129|centroid=ASV418	k:Plantae(1.00),p:Tracheophyta(1.00),c:Magnoliopsida(1.00),o:Geraniales(0.91),f:Geraniaceae(0.91),g:Geranium(0.79),s:Geranium_sanguineum(0.50)	+	k:Plantae,p:Tracheophyta,c:Magnoliopsida,o:Geraniales,f:Geraniaceae
OTU127|centroid=ASV377	k:Plantae(1.00),p:Tracheophyta(1.00),c:Magnoliopsida(1.00),o:Rosales(1.00),f:Rosaceae(1.00),g:Rubus(0.99),s:Rubus_caesius(0.78)	+	k:Plantae,p:Tracheophyta,c:Magnoliopsida,o:Rosales,f:Rosaceae,g:Rubus
OTU124|centroid=ASV323	k:Plantae(1.00),p:Tracheophyta(1.00),c:Magnoliopsida(1.00),o:Boraginales(0.92),f:Boraginaceae(0.91),g:Cynoglossum(0.19),s:Cynoglossum_officinale(0.10)	+	k:Plantae,p:Tracheophyta,c:Magnoliopsida,o:Boraginales,f:Boraginaceae
OTU128|centroid=ASV386	k:Plantae(1.00),p:Tracheophyta(1.00),c:Magnoliopsida(1.00),o:Rosales(1.00),f:Rosaceae(1.00),g:Rubus(1.00),s:Rubus_caesius(0.46)	+	k:Plantae,p:Tracheophyta,c:Magnoliopsida,o:Rosales,f:Rosaceae,g:Rubus
OTU132|centroid=ASV675	k:Plantae(1.00),p:Tracheophyta(1.00),c:Magnoliopsida(1.00),o:Solanales(0.59),f:Solanaceae(0.59),g:Solanum(0.54),s:Solanum_nigrum(0.52)	+	k:Plantae,p:Tracheophyta,c:Magnoliopsida
OTU126|centroid=ASV357	k:Plantae(1.00),p:Tracheophyta(1.00),c:Magnoliopsida(1.00),o:Fagales(0.93),f:Fagaceae(0.93),g:Fagus(0.93),s:Fagus_sylvatica(0.93)	+	k:Plantae,p:Tracheophyta,c:Magnoliopsida,o:Fagales,f:Fagaceae,g:Fagus,s:Fagus_sylvatica
OTU131|centroid=ASV659	k:Plantae(1.00),p:Tracheophyta(1.00),c:Magnoliopsida(1.00),o:Ranunculales(1.00),f:Ranunculaceae(1.00),g:Ranunculus(1.00),s:Ranunculus_acris(0.99)	+	k:Plantae,p:Tracheophyta,c:Magnoliopsida,o:Ranunculales,f:Ranunculaceae,g:Ranunculus,s:Ranunculus_acris
OTU138|centroid=ASV336	k:Plantae(1.00),p:Tracheophyta(1.00),c:Magnoliopsida(1.00),o:Malpighiales(1.00),f:Salicaceae(1.00),g:Salix(1.00),s:Salix_caprea(0.59)	+	k:Plantae,p:Tracheophyta,c:Magnoliopsida,o:Malpighiales,f:Salicaceae,g:Salix
OTU136|centroid=ASV330	k:Plantae(1.00),p:Tracheophyta(1.00),c:Magnoliopsida(1.00),o:Rosales(1.00),f:Rosaceae(1.00),g:Rubus(1.00),s:Rubus_saxatilis(0.81)	+	k:Plantae,p:Tracheophyta,c:Magnoliopsida,o:Rosales,f:Rosaceae,g:Rubus,s:Rubus_saxatilis
OTU141|centroid=ASV545	k:Plantae(1.00),p:Tracheophyta(0.67),c:Magnoliopsida(0.67),o:Boraginales(0.63),f:Boraginaceae(0.63),g:Myosotis(0.32),s:Myosotis_alpestris(0.14)	+	k:Plantae
OTU135|centroid=ASV301	k:Plantae(1.00),p:Tracheophyta(1.00),c:Magnoliopsida(1.00),o:Malpighiales(1.00),f:Euphorbiaceae(1.00),g:Euphorbia(1.00),s:Euphorbia_dulcis(0.93)	+	k:Plantae,p:Tracheophyta,c:Magnoliopsida,o:Malpighiales,f:Euphorbiaceae,g:Euphorbia,s:Euphorbia_dulcis
OTU137|centroid=ASV334	k:Plantae(1.00),p:Tracheophyta(1.00),c:Magnoliopsida(1.00),o:Malpighiales(0.79),f:Salicaceae(0.79),g:Salix(0.79),s:Salix_caprea(0.33)	+	k:Plantae,p:Tracheophyta,c:Magnoliopsida
OTU139|centroid=ASV450	k:Plantae(1.00),p:Tracheophyta(1.00),c:Magnoliopsida(1.00),o:Rosales(0.98),f:Rosaceae(0.98),g:Rubus(0.97),s:Rubus_caesius(0.64)	+	k:Plantae,p:Tracheophyta,c:Magnoliopsida,o:Rosales,f:Rosaceae,g:Rubus
OTU133|centroid=ASV14	k:Plantae(1.00),p:Tracheophyta(1.00),c:Magnoliopsida(1.00),o:Rosales(0.92),f:Rosaceae(0.88),g:Rubus(0.81),s:Rubus_saxatilis(0.41)	+	k:Plantae,p:Tracheophyta,c:Magnoliopsida,o:Rosales,f:Rosaceae,g:Rubus
OTU134|centroid=ASV295	k:Plantae(1.00),p:Tracheophyta(1.00),c:Magnoliopsida(1.00),o:Malpighiales(1.00),f:Violaceae(1.00),g:Viola(1.00),s:Viola_reichenbachiana(0.42)	+	k:Plantae,p:Tracheophyta,c:Magnoliopsida,o:Malpighiales,f:Violaceae,g:Viola
OTU143|centroid=ASV598	k:Plantae(1.00),p:Tracheophyta(1.00),c:Magnoliopsida(1.00),o:Asterales(0.97),f:Asteraceae(0.97),g:Eupatorium(0.96),s:Eupatorium_cannabinum(0.96)	+	k:Plantae,p:Tracheophyta,c:Magnoliopsida,o:Asterales,f:Asteraceae,g:Eupatorium,s:Eupatorium_cannabinum
OTU140|centroid=ASV473	k:Plantae(1.00),p:Tracheophyta(1.00),c:Magnoliopsida(1.00),o:Rosales(1.00),f:Rosaceae(1.00),g:Fragaria(1.00),s:Fragaria_vesca(1.00)	+	k:Plantae,p:Tracheophyta,c:Magnoliopsida,o:Rosales,f:Rosaceae,g:Fragaria,s:Fragaria_vesca
OTU149|centroid=ASV300	k:Plantae(1.00),p:Tracheophyta(1.00),c:Magnoliopsida(1.00),o:Rosales(1.00),f:Rosaceae(1.00),g:Rubus(1.00),s:Rubus_caesius(0.76)	+	k:Plantae,p:Tracheophyta,c:Magnoliopsida,o:Rosales,f:Rosaceae,g:Rubus
OTU145|centroid=ASV664	k:Plantae(1.00),p:Tracheophyta(0.99),c:Magnoliopsida(0.99),o:Boraginales(0.97),f:Boraginaceae(0.97),g:Myosotis(0.42),s:Myosotis_scorpioides(0.15)	+	k:Plantae,p:Tracheophyta,c:Magnoliopsida,o:Boraginales,f:Boraginaceae
OTU144|centroid=ASV626	k:Plantae(1.00),p:Tracheophyta(1.00),c:Magnoliopsida(1.00),o:Rosales(0.71),f:Rosaceae(0.71),g:Potentilla(0.25),s:Potentilla_argentea(0.09)	+	k:Plantae,p:Tracheophyta,c:Magnoliopsida
OTU142|centroid=ASV578	k:Plantae(1.00),p:Tracheophyta(1.00),c:Magnoliopsida(1.00),o:Boraginales(1.00),f:Boraginaceae(1.00),g:Pulmonaria(0.75),s:Pulmonaria_officinalis(0.75)	+	k:Plantae,p:Tracheophyta,c:Magnoliopsida,o:Boraginales,f:Boraginaceae
OTU148|centroid=ASV254	k:Plantae(1.00),p:Tracheophyta(1.00),c:Liliopsida(0.91),o:Poales(0.91),f:Poaceae(0.91),g:Piptatherum(0.43),s:Piptatherum_virescens(0.43)	+	k:Plantae,p:Tracheophyta,c:Liliopsida,o:Poales,f:Poaceae
OTU146|centroid=ASV13	k:Plantae(1.00),p:Tracheophyta(1.00),c:Magnoliopsida(1.00),o:Malpighiales(0.99),f:Violaceae(0.99),g:Viola(0.99),s:Viola_odorata(0.57)	+	k:Plantae,p:Tracheophyta,c:Magnoliopsida,o:Malpighiales,f:Violaceae,g:Viola
OTU151|centroid=ASV362	k:Plantae(1.00),p:Tracheophyta(1.00),c:Magnoliopsida(1.00),o:Rosales(1.00),f:Rosaceae(1.00),g:Rubus(1.00),s:Rubus_caesius(0.76)	+	k:Plantae,p:Tracheophyta,c:Magnoliopsida,o:Rosales,f:Rosaceae,g:Rubus
OTU150|centroid=ASV335	k:Plantae(1.00),p:Tracheophyta(1.00),c:Magnoliopsida(1.00),o:Rosales(0.69),f:Rosaceae(0.69),g:Rubus(0.67),s:Rubus_caesius(0.64)	+	k:Plantae,p:Tracheophyta,c:Magnoliopsida
OTU147|centroid=ASV226	k:Plantae(1.00),p:Tracheophyta(1.00),c:Magnoliopsida(1.00),o:Rosales(1.00),f:Rosaceae(1.00),g:Rubus(0.98),s:Rubus_caesius(0.73)	-	k:Plantae,p:Tracheophyta,c:Magnoliopsida,o:Rosales,f:Rosaceae,g:Rubus
OTU157|centroid=ASV638	k:Plantae(1.00),p:Tracheophyta(1.00),c:Magnoliopsida(1.00),o:Rosales(0.95),f:Rosaceae(0.95),g:Rubus(0.95),s:Rubus_caesius(0.67)	+	k:Plantae,p:Tracheophyta,c:Magnoliopsida,o:Rosales,f:Rosaceae,g:Rubus
OTU153|centroid=ASV568	k:Plantae(1.00),p:Tracheophyta(0.99),c:Magnoliopsida(0.99),o:Boraginales(0.99),f:Boraginaceae(0.99),g:Myosotis(0.53),s:Myosotis_scorpioides(0.36)	+	k:Plantae,p:Tracheophyta,c:Magnoliopsida,o:Boraginales,f:Boraginaceae
OTU152|centroid=ASV449	k:Plantae(1.00),p:Tracheophyta(1.00),c:Magnoliopsida(1.00),o:Rosales(1.00),f:Rosaceae(1.00),g:Fragaria(0.98),s:Fragaria_vesca(0.98)	+	k:Plantae,p:Tracheophyta,c:Magnoliopsida,o:Rosales,f:Rosaceae,g:Fragaria,s:Fragaria_vesca
OTU160|centroid=ASV669	k:Plantae(1.00),p:Tracheophyta(1.00),c:Pinopsida(1.00),o:Cupressales(1.00),f:Cupressaceae(1.00),g:Cupressus(0.83),s:Cupressus_sempervirens(0.83)	+	k:Plantae,p:Tracheophyta,c:Pinopsida,o:Cupressales,f:Cupressaceae,g:Cupressus,s:Cupressus_sempervirens
OTU156|centroid=ASV600	k:Plantae(1.00),p:Tracheophyta(1.00),c:Magnoliopsida(1.00),o:Asterales(0.56),f:Asteraceae(0.56),g:Mycelis(0.55),s:Mycelis_muralis(0.55)	+	k:Plantae,p:Tracheophyta,c:Magnoliopsida
OTU159|centroid=ASV668	k:Plantae(1.00),p:Tracheophyta(1.00),c:Magnoliopsida(1.00),o:Malpighiales(1.00),f:Violaceae(1.00),g:Viola(1.00),s:Viola_reichenbachiana(0.65)	+	k:Plantae,p:Tracheophyta,c:Magnoliopsida,o:Malpighiales,f:Violaceae,g:Viola
OTU154|centroid=ASV574	k:Plantae(1.00),p:Tracheophyta(1.00),c:Magnoliopsida(1.00),o:Boraginales(1.00),f:Boraginaceae(1.00),g:Pulmonaria(0.87),s:Pulmonaria_officinalis(0.87)	+	k:Plantae,p:Tracheophyta,c:Magnoliopsida,o:Boraginales,f:Boraginaceae,g:Pulmonaria,s:Pulmonaria_officinalis
OTU155|centroid=ASV575	k:Plantae(1.00),p:Tracheophyta(1.00),c:Magnoliopsida(1.00),o:Rosales(1.00),f:Rosaceae(1.00),g:Rubus(0.99),s:Rubus_caesius(0.67)	+	k:Plantae,p:Tracheophyta,c:Magnoliopsida,o:Rosales,f:Rosaceae,g:Rubus
OTU158|centroid=ASV666	k:Plantae(1.00),p:Tracheophyta(1.00),c:Magnoliopsida(1.00),o:Lamiales(1.00),f:Orobanchaceae(1.00),g:Lathraea(1.00),s:Lathraea_squamaria(1.00)	+	k:Plantae,p:Tracheophyta,c:Magnoliopsida,o:Lamiales,f:Orobanchaceae,g:Lathraea,s:Lathraea_squamaria
OTU161|centroid=ASV710	k:Plantae(1.00),p:Tracheophyta(1.00),c:Magnoliopsida(1.00),o:Rosales(1.00),f:Rosaceae(1.00),g:Rubus(1.00),s:Rubus_saxatilis(0.59)	+	k:Plantae,p:Tracheophyta,c:Magnoliopsida,o:Rosales,f:Rosaceae,g:Rubus
OTU162|centroid=ASV275	k:Plantae(1.00),p:Tracheophyta(1.00),c:Magnoliopsida(1.00),o:Rosales(0.99),f:Rosaceae(0.99),g:Rubus(0.95),s:Rubus_caesius(0.75)	+	k:Plantae,p:Tracheophyta,c:Magnoliopsida,o:Rosales,f:Rosaceae,g:Rubus
